transaction_amount,customer_age,customer_balance,pred_fraud,pred_proba_fraud
15816.8,38,19771,0,0.3285
7492.41,38,83249,0,0.0
26559.8,57,32390,1,0.69525
32419.8,45,34860,1,0.98474
15841.21,62,20573,0,0.24619
45355.44,72,87222,0,0.0
15558.48,20,57624,0,0.0
