transaction_amount,customer_age,customer_balance,pred_fraud,pred_proba_fraud
2935.7,61,29357,0,0.0
4338.84,43,13148,0,0.0019
6808.9,29,48635,0,0.0
1754.1,80,17541,0,2e-05
5529.38,54,14551,0,0.00228
50778.42,67,76937,0,0.00663
20236.9,47,53255,0,0.0
25550.0,28,51100,0,2e-05
8329.2,53,25240,0,5e-05
370.02,39,881,0,0.07897
23611.77,60,87451,0,0.0
53486.43,18,75333,0,0.12417
97770.0,58,97770,1,1.0
6003.87,33,8961,0,0.07486
