transaction_amount,customer_age,customer_balance,pred_fraud,pred_proba_fraud
7157.08,52,51122,0,0.0
4911.36,52,61392,0,0.0
34199.82,68,36774,1,0.98959
21385.94,33,45502,0,2e-05
4717.74,38,7734,0,0.05466
21679.41,73,58593,0,0.0
18981.0,75,25650,0,0.18909
47458.72,65,50488,1,0.99944
34388.12,34,66131,0,0.0
19821.04,72,48344,0,0.0
12680.7,41,42269,0,0.0
53669.22,79,81317,0,0.00577
